title,comment_id,url,comms_num,created,score,subreddit
"Naeem Rashid, the Man who tried to stop the shooter from killing other Muslims in today's New Zealand mosque attack has been identified as a Pakistani originating from Abottabad.",b1ifpf,https://i.redd.it/bfa4wlqctbm21.png,318,1552674814,6425,pakistan
Chad Pakistani,rnq59x,https://v.redd.it/fde8ir7kti781,866,1640364919,3550,pakistan
Since no one shared this. Elders and more sensible people from the tribe replanted the trees that people had destroyed in the morning yday.,i6s9gv,https://v.redd.it/i123pmimv1g51,104,1597010867,2272,pakistan
Hey fellow Pakistanis! I am a professional album cover artist and illustrator. Wanted to share my work here :D,hee83w,https://i.imgur.com/lvU1ngk.jpg,224,1592917416,2075,pakistan
Overseas Pakistanis going to the office tomorrow looking for their Indian colleagues.,qewm3f,https://i.redd.it/hdgbhfxhmfv71.gif,113,1635096042,1837,pakistan
Greta and Rihanna got India shook,lclxka,https://i.redd.it/bkn6hdoo4if61.jpg,241,1612462273,1822,pakistan
People who live in Pakistan vs. Overseas Pakistanis,qe0eki,https://i.redd.it/ymrtwmh8n5v71.jpg,404,1634975223,1752,pakistan
"Introducing you to Muhammad Rafique, a 65 y/old ex Pakistan Air Force serviceman who apprehended today's Oslo mosque shooter. By risking his life, he saved countless lives from what could possibly be the next New Zealand like mosque attack.",cp2ij0,https://i.redd.it/hcfmb9x9yvf31.png,99,1565558214,1511,pakistan
Army brutally,n6ct9d,https://v.redd.it/cg09i63ddjx61,204,1620322587,1455,pakistan
For real man.,jh8mla,https://i.redd.it/ulbs05rpk1v51.jpg,190,1603544888,1423,pakistan
Pakistan has won the Tekken 7 Nationâ€™s Cup!,14v92j7,https://v.redd.it/dbbvyrp030bb1,136,1688935053,1413,pakistan
I really don't know this man But we pray for his success,hl4xdg,https://i.redd.it/ozyp179ixu851.jpg,54,1593875788,1355,pakistan
"Man confronts a child molester. Salute to him. (nsfw, headphones)",ijmeer,https://v.redd.it/rzk1llmwx7k51,223,1598827721,1304,pakistan
The son of Sewer Cleaner or Bhangi in Pakistan,14hetja,https://v.redd.it/ncz21sm74v7b1,192,1687567378,1303,pakistan
"The more we try to dismiss these actions by blaming the victims & the more we try to hide so the world won't see us as a bad nation they bigger they will get, call them out. please call them out",p84say,https://v.redd.it/16moq44dhii71,545,1629464702,1292,pakistan
Normal Pakistanis when,p6a0ag,https://i.redd.it/vywhsrreuyh71.jpg,181,1629226862,1282,pakistan
Petition for New r/Pakistan logo,g2yl7d,https://i.redd.it/3tb1n51mict41.png,108,1587115182,1253,pakistan
What this subreddit feels like lol,hv4qax,https://i.redd.it/cyjfcg6oo6c51.jpg,326,1595325704,1233,pakistan
"This is Priyantha Diyawadana, the man who was lynched in Sialkot. He leaves behind his wife and son. May he rest in peace.",r883cg,https://i.redd.it/hd13el3kyd381.png,349,1638562674,1223,pakistan
"Greetings from Saudi Arabia. During this lock down I have decided to make 150 dishes from around the world. Behold: Chicken Karahi, Baryani and Naan.",gdl5ym,https://i.redd.it/n3zyrcx8ltw41.jpg,102,1588629689,1220,pakistan
"Pakistani journalists waited for two hours for authorities to come to address the media. When they arrived, the journalists called out corruption in the district and said, since you did not give us time, we are boycotting your press conference.",mq0euw,https://v.redd.it/z0nlael2gxs61,125,1618313736,1212,pakistan
Real estate scam in Pakistan,14j52rb,https://v.redd.it/eidmm88a0a8b1,331,1687747658,1189,pakistan
oop-,jkbfl1,https://i.redd.it/lidtdkjnr1w51.jpg,304,1603983069,1191,pakistan
Pakistan Embassy in Ukraine giving shelter and food to Indian students in Lviv after they were left stranded by Indian Embassy.,t4x7rs,https://v.redd.it/d27lopa75yk81,153,1646216629,1136,pakistan
"Dr. Quratul Ain Hashmi and her husband Israr Ahmad saved the life of a boy who drowned in a river in Naltar Valley, GB. The boy was considered dead before the couple arrived and saved him.",vfhuxc,https://v.redd.it/bmj7yqdtpg691,108,1655594138,1125,pakistan
PakistanisBeingBros!,gqx8lj,https://i.redd.it/plbdybrb44151.png,48,1590500368,1124,pakistan
Truck art showing solidarity with Black lives matter.,h0xkvz,https://i.redd.it/nkst7ocgo9451.jpg,128,1591875102,1119,pakistan
No words,14ii6dg,https://v.redd.it/lem5e82mx48b1,188,1687686235,1117,pakistan
"Arshad Nadeem makes it to fifth place, less than a meter away from a bronze! Congratulations to him and Neeraj Chopra as well as the other contestants for a great performance.",ozs7sa,https://i.redd.it/x4ft6imwgxf71.png,127,1628338697,1116,pakistan
This is how a Sri Lankan cartoonist saw Sialkot tragedy.,r8s1hk,https://i.redd.it/z19n8uaioj381.jpg,165,1638631931,1085,pakistan
Let us not forget those who laid their lives for their country today.,hi35yz,https://i.redd.it/cpmlcjivmv751.jpg,49,1593448469,1085,pakistan
Remember the hero. Salute,cuviuo,https://i.redd.it/x6y62x6abfi31.jpg,40,1566664128,1078,pakistan
This made my day ðŸ¤£ðŸ¤£ international bezati,12frn0m,https://v.redd.it/nbjkw5h1gqsa1,178,1680973092,1065,pakistan
This season's Family Guy premiere launches with a joke about Karachi Kings and Lahore Qalanders,j19cki,https://v.redd.it/2iypibd75vp51,182,1601287830,1068,pakistan
Christain Activist Distributes Face Mask to Muslims Outside Mosque in Lahore Pakistan,n7sdb3,https://i.redd.it/wzknbbex6xx61.jpg,79,1620489959,1057,pakistan
This tandoorwala uncle got some serious swag xD,nt0az6,https://i.redd.it/5xjktwa6bh371.jpg,54,1622912703,1049,pakistan
Pakistani boxer Muhammad â€˜Falconâ€™ Waseem who is the #1 ranked boxer in the world in the Flyweight category reveals he had to pay 20% of his earnings to the Pakistan Boxing Federation president who wouldn't let him sign a contract with a Korean promoter without the bribe,s6rbl0,https://v.redd.it/y1twylht9ec81,70,1642489198,1052,pakistan
Pakistan lose to Australia by 5 wickets in the Semi Final. What an incredible effort by Team Pakistan,qrqld7,https://i.redd.it/08ly0brs60z71.jpg,263,1636652551,1046,pakistan
A Pakistani boy heading to his home after buying yogurt.,facphh,https://i.redd.it/rb415io29gj41.jpg,78,1582813037,1035,pakistan
"In the town of Zermatt, Switzerland they have been projecting national flags on the mountain of Matterhorn to show support during these trying times. Today they illuminated Pakistanâ€™s flag.",g7w186,https://i.redd.it/d6yu2ddbnzu41.jpg,44,1587831017,1010,pakistan
A Pakistani classic,nm0j38,https://i.redd.it/0h9vwey5ol171.jpg,84,1622093802,1009,pakistan
Just learned what my friend's family went through,13tkgr2,https://www.reddit.com/r/pakistan/comments/13tkgr2/just_learned_what_my_friends_family_went_through/,297,1685227560,1006,pakistan
"Every Ramazan for 40 years, Naranjan Singhâ€™s family has sold essentials to Jamrud residents for low prices",mrcom5,https://i.redd.it/1vkbokndobt61.png,51,1618486155,1006,pakistan
National Anthem being sung at PTI's protest in Karachi ( near Millennium Mall),u0o45q,https://v.redd.it/tcisw4oryqs81,245,1649616442,1004,pakistan
It really do be like that,dsv41j,https://i.redd.it/2k5tsswea8x31.jpg,36,1573116845,1005,pakistan
Massive Pro Palestinian protests take place in Karachi,njrufx,https://www.reddit.com/gallery/njrufx,134,1621839840,999,pakistan
"Meet Rahul Dev, our first fighter Pilot from Hindu community",gbohp1,https://i.redd.it/kg73srdme7w41.png,154,1588360886,985,pakistan
Haven't met a man that doesn't deserve 40 lashes and with one less arm.,128kkws,https://i.redd.it/cp5fmytcl9ra1.png,182,1680351261,982,pakistan
Prime Minister Imran Khan on the current situation in Palestine,naiqj3,https://i.redd.it/s6no6iq93ny61.jpg,220,1620803445,983,pakistan
Bata,j6sobz,https://i.redd.it/hajq25gwvor51.jpg,33,1602083715,976,pakistan
Street Children Pakistan beings Eid gifts for children.,nc9trv,https://v.redd.it/wu3hnuuai3z61,82,1621002261,975,pakistan
I made the Pakistani version of GTA IV's loading screen,v4qauv,https://v.redd.it/z3hp86b69m391,132,1654353803,956,pakistan
A policeman pleading with an elderly man not to enter the Masjid.,fqryws,https://i.redd.it/cb49ynzt4hp41.jpg,103,1585427699,956,pakistan
"Nearly four years after I started my Pakistan currency project (and a nearly 300km long trek after), I've finally finished it with the mighty K2 and the 50 rupee note bearing it",clyzc0,https://i.imgur.com/cdiUv8X.jpg,60,1564939726,945,pakistan
"It's one man, the army chief!",13fla84,https://v.redd.it/4flwqw5jkeza1,149,1683898256,942,pakistan
A Hadith that those Pakistani Muslims who abuse our religious minorities should take heed of.,i8t3b1,https://i.redd.it/otiovhxh2pg51.jpg,260,1597291649,934,pakistan
As there was a reason needed to like my Pakistani Passport more.,n95vo6,https://i.redd.it/8y95gp3kyay61.jpg,280,1620656762,937,pakistan
Eid Prayer in Karachi,gpkl1g,https://i.redd.it/isudt11oln051.jpg,97,1590300268,914,pakistan
Imran Khan's reaction to ISPR Presser: ISPR sahab I was representing Pakistan internationally before you were even born...I spoke in support of army internationally...it was the Army Chief who brought defamation to the army...shame on you...people will not accept these leaders.,13gkjf7,https://v.redd.it/m3af1zdi9mza1,151,1683991897,915,pakistan
Where did we go wrong?,rszekc,https://v.redd.it/9yb98uzh2x881,338,1640973306,909,pakistan
Hating Pakistani Non-Muslims is Hypocrisy.,o4gy1x,https://i.redd.it/br264ohp0i671.jpg,95,1624228833,906,pakistan
Girl carrying her baby brother.,b3nmim,https://i.redd.it/c90aehgwcfn21.jpg,127,1553153394,901,pakistan
PTI MNA Ali Muhammad Khanâ€™s full heroic speech following the no confidence vote,u02guy,https://v.redd.it/vrks5cm9kks81,131,1649538855,906,pakistan
1st Eid Namaz after Independence Day,nbbvc3,https://i.redd.it/qwkc0petmuy61.jpg,150,1620894768,894,pakistan
"As extreme cold weather blankets Azad Jammu & Kashmir, these brave women make their way through snow to deliver vaccines to children during the ongoing End Polio campaign.",kyh0oe,https://v.redd.it/zxg76cd4eob61,62,1610794861,896,pakistan
Homesick,dr95vo,https://v.redd.it/kl8qvtyh4kw31,63,1572825816,893,pakistan
"MashaAllah, this women deserves more recognition",mmqxct,https://i.redd.it/qisemv1f3yr61.jpg,31,1617885735,893,pakistan
"I laughed way too hard at this. Hope you enjoy it, too!",kwyj94,https://i.redd.it/val4al2fo4b61.png,72,1610599328,889,pakistan
Humare standards gir gaye hain :(,grhtob,https://i.redd.it/uljp4leqja151.jpg,135,1590578076,885,pakistan
George Floyd makes it to Pakistani truck art,mx4nwu,https://i.redd.it/w75nu7b1jzu61.png,104,1619210651,878,pakistan
Police disrespectfully behaving with Air Commodore Sajjad Haider (Hero of the 1965 War) for exercising his democratic right to protest ,13hh285,https://v.redd.it/ky2467hattza1,184,1684082813,880,pakistan
"Here, have some biryani my mother made today. Biryani is not just a food, itâ€™s an emotion.",ika5l0,https://i.redd.it/s7obzxq0lfk51.jpg,152,1598920178,882,pakistan
Two nation reality,v5jbyi,https://i.redd.it/rrwpk9v4iu391.jpg,261,1654453493,876,pakistan
Beginning of Decade vs. End of Decade,eidpkk,https://i.redd.it/99112zy3d3841.jpg,97,1577851540,879,pakistan
Facts!!,h98a5m,https://i.redd.it/hjnvc4j5wz451.jpg,93,1592192470,872,pakistan
This and John Cena,j2hq5o,https://i.imgur.com/7zHgwJK.jpg,38,1601451345,868,pakistan
anyone remembers beyblade,nifbqb,https://i.redd.it/nkwo2klxan071.jpg,87,1621677750,870,pakistan
Made a video flying across Pakistan (major cities and then some) in Microsoft Flight simulator 2020!!,ig9my0,https://v.redd.it/klk4t9txm4j51,135,1598351847,860,pakistan
Since this page will inevitably get cluttered with political posts. Here's an adorable pic of one of our national animals,auvrnr,https://bloximages.chicago2.vip.townnews.com/pressofatlanticcity.com/content/tncms/assets/v3/editorial/b/74/b747671d-cec7-583d-b296-3fdd31d7241a/596d607664867.image.jpg?resize=1200%2C938,69,1551160044,864,pakistan
least amount of torture for karachi,10yovdt,https://v.redd.it/ojawc1w2ccha1,238,1676025935,858,pakistan
JUST IN: Prominent journalist Arshad Sharif murdered,ybue7r,https://i.redd.it/fglcspykpmv91.jpg,226,1666562887,862,pakistan
"In light of Independence Day, here's my currency project (that I posted individually on Reddit before) where I took photos of Pakistan's notes and coins along with the monuments on them!",i9jraj,https://i.redd.it/bgig0gs37yg51.jpg,43,1597402153,862,pakistan
Any geography channel on YT: *exists* Indians:,ghl4wb,https://i.redd.it/0tkb3x0m54y41.jpg,129,1589193232,856,pakistan
This is amazing........,sl3odj,https://i.redd.it/wk65lnnrozf81.jpg,94,1644055904,851,pakistan
Moeed Yusuf interview on CNN. Couldn't have said it any better,p46vse,https://v.redd.it/uc3r9u6aebh71,118,1628943045,851,pakistan
I want to warn our people that anyone in Pakistan targeting our non-Muslim citizens or their places of worship will be dealt with strictly. Our minorities are equal citizens of this country.,f9qg8y,https://i.redd.it/npducza3g8j41.jpg,338,1582707376,848,pakistan
Elon Muskâ€™s hair stylist found in Pakistan.,ho5505,https://i.redd.it/su0sd73sou951.jpg,56,1594308698,853,pakistan
Pakistani Social Media Influencers,134fqk5,https://i.redd.it/115iqh88s7xa1.jpg,167,1682926402,840,pakistan
This guy trolled the whole opposition in less than 30s,tv3zf5,https://v.redd.it/ei1ltc31r9r81,157,1648972087,838,pakistan
Needed to be said.,hj2w9n,https://i.redd.it/oguqp0q956851.jpg,191,1593575722,838,pakistan
"We only have three servants and two drivers, weâ€™re middle class!",kpk7zt,https://i.redd.it/97dc6mjy74961.jpg,213,1609678789,830,pakistan
Aitzaz Hasan,jvch1f,https://i.redd.it/6jd1vnw0qmz51.jpg,45,1605552585,835,pakistan
Legendary boxer at a college in Lahore during his visit to Pakistan in 1988.,l9z4xp,https://i.redd.it/rpwlkqf02ue61.jpg,24,1612170809,826,pakistan
Wishing all the Hindus in Pakistan and beyond a happy Diwali.,qmh7l6,https://i.redd.it/e8a38d8dxjx71.jpg,124,1636019829,825,pakistan
The man literally grew old telling you again & again that there was never going to be a military solution for Afghan conflict.,p6zdtb,https://v.redd.it/dras55kdc6i71,169,1629318136,822,pakistan
Khan at his limits ðŸ¤£,13n08r1,https://v.redd.it/4u4seycuo01b1,109,1684602112,823,pakistan
Deserve Respect,fvatte,https://i.redd.it/qjchp48uryq41.jpg,37,1586077070,829,pakistan
Beauty in the word Pakistan ðŸ‡µðŸ‡°,ksv997,https://v.redd.it/x2hqdnd1f1a61,34,1610080738,827,pakistan
Every damn time...,gsfsyi,https://i.redd.it/gqhox64lvk151.jpg,102,1590703132,824,pakistan
"Nestle Pakistan to face Criminal Trial in Pakistan - first time in history. Nestle accused of giving contaminated Lactogen which resulted in death of infant child 3 years ago. Despite repeated threats from Nestle, Father of infant, Usman Bhatti didnt back off.",lrdrlh,https://twitter.com/HniaziISF/status/1364541229501980673?s=09,59,1614175846,819,pakistan
